arrival_date,modal_price
01-01-2011,3900
02-01-2011,
03-01-2011,3900
04-01-2011,2900
05-01-2011,3900
06-01-2011,3900
07-01-2011,3900
08-01-2011,3100
09-01-2011,
10-01-2011,3900
11-01-2011,3900
12-01-2011,3900
13-01-2011,3900
14-01-2011,3900
15-01-2011,3900
16-01-2011,
17-01-2011,5400
18-01-2011,3000
19-01-2011,4900
20-01-2011,5400
21-01-2011,4900
22-01-2011,4900
23-01-2011,
24-01-2011,4900
25-01-2011,4900
26-01-2011,4900
27-01-2011,4900
28-01-2011,5900
29-01-2011,5900
30-01-2011,
31-01-2011,
01-02-2011,5400
02-02-2011,5900
03-02-2011,5900
04-02-2011,5900
05-02-2011,6400
06-02-2011,4150
07-02-2011,6900
08-02-2011,6900
09-02-2011,6400
10-02-2011,6400
11-02-2011,4900
12-02-2011,4900
13-02-2011,
14-02-2011,4900
15-02-2011,3500
16-02-2011,4900
17-02-2011,4900
18-02-2011,4900
19-02-2011,4900
20-02-2011,
21-02-2011,4900
22-02-2011,3900
23-02-2011,3900
24-02-2011,3400
25-02-2011,3400
26-02-2011,3400
27-02-2011,3500
28-02-2011,3500
01-03-2011,2900
02-03-2011,2400
03-03-2011,2900
04-03-2011,2900
05-03-2011,2900
06-03-2011,2250
07-03-2011,2900
08-03-2011,2400
09-03-2011,2400
10-03-2011,2400
11-03-2011,2400
12-03-2011,4100
13-03-2011,3500
14-03-2011,1900
15-03-2011,1900
16-03-2011,1900
17-03-2011,1900
18-03-2011,1900
19-03-2011,1900
20-03-2011,1750
21-03-2011,1900
22-03-2011,1900
23-03-2011,1900
24-03-2011,1900
25-03-2011,1900
26-03-2011,1900
27-03-2011,2500
28-03-2011,1900
29-03-2011,1900
30-03-2011,3900
31-03-2011,2000
01-04-2011,1900
02-04-2011,1400
03-04-2011,1750
04-04-2011,1400
05-04-2011,1400
06-04-2011,1400
07-04-2011,1400
08-04-2011,1400
09-04-2011,3900
10-04-2011,1400
11-04-2011,1400
12-04-2011,1400
13-04-2011,4400
14-04-2011,1300
15-04-2011,2000
16-04-2011,1400
17-04-2011,1500
18-04-2011,1900
19-04-2011,1900
20-04-2011,1900
21-04-2011,1200
22-04-2011,125
23-04-2011,1900
24-04-2011,1000
25-04-2011,1900
26-04-2011,1900
27-04-2011,1900
28-04-2011,1900
29-04-2011,1000
30-04-2011,1900
01-05-2011,1100
02-05-2011,1000
03-05-2011,1900
04-05-2011,1900
05-05-2011,1900
06-05-2011,1900
07-05-2011,1900
08-05-2011,1000
09-05-2011,1900
10-05-2011,1900
11-05-2011,1900
12-05-2011,1900
13-05-2011,1900
14-05-2011,3900
15-05-2011,800
16-05-2011,1900
17-05-2011,1900
18-05-2011,1900
19-05-2011,1900
20-05-2011,600
21-05-2011,1900
22-05-2011,1500
23-05-2011,1900
24-05-2011,1900
25-05-2011,1900
26-05-2011,1900
27-05-2011,1900
28-05-2011,4400
29-05-2011,700
30-05-2011,1900
31-05-2011,1000
01-06-2011,1900
02-06-2011,1900
03-06-2011,1900
04-06-2011,1900
05-06-2011,125
06-06-2011,1900
07-06-2011,1900
08-06-2011,1900
09-06-2011,1900
10-06-2011,1900
11-06-2011,4100
12-06-2011,1200
13-06-2011,1400
14-06-2011,1400
15-06-2011,1400
16-06-2011,1400
17-06-2011,1400
18-06-2011,1400
19-06-2011,1000
20-06-2011,1900
21-06-2011,1900
22-06-2011,1900
23-06-2011,1000
24-06-2011,1900
25-06-2011,1900
26-06-2011,1100
27-06-2011,1200
28-06-2011,1500
29-06-2011,3900
30-06-2011,1900
01-07-2011,1900
02-07-2011,1900
03-07-2011,2000
04-07-2011,1900
05-07-2011,1900
06-07-2011,1900
07-07-2011,1900
08-07-2011,1900
09-07-2011,3900
10-07-2011,3200
11-07-2011,1900
12-07-2011,1900
13-07-2011,1900
14-07-2011,1900
15-07-2011,1900
16-07-2011,1900
17-07-2011,3000
18-07-2011,1900
19-07-2011,1900
20-07-2011,2400
21-07-2011,2400
22-07-2011,1900
23-07-2011,1900
24-07-2011,2000
25-07-2011,1900
26-07-2011,1900
27-07-2011,4100
28-07-2011,700
29-07-2011,2000
30-07-2011,2700
31-07-2011,2000
01-08-2011,2400
02-08-2011,2400
03-08-2011,2400
04-08-2011,2400
05-08-2011,2400
06-08-2011,2400
07-08-2011,2050
08-08-2011,2400
09-08-2011,2400
10-08-2011,2400
11-08-2011,2400
12-08-2011,2900
13-08-2011,3400
14-08-2011,2050
15-08-2011,2050
16-08-2011,3400
17-08-2011,3400
18-08-2011,3400
19-08-2011,3400
20-08-2011,3400
21-08-2011,2500
22-08-2011,3400
23-08-2011,3400
24-08-2011,3400
25-08-2011,3900
26-08-2011,4400
27-08-2011,4900
28-08-2011,1650
29-08-2011,1200
30-08-2011,2250
31-08-2011,4100
01-09-2011,3900
02-09-2011,3900
03-09-2011,4400
04-09-2011,2500
05-09-2011,4900
06-09-2011,3900
07-09-2011,4400
08-09-2011,1400
09-09-2011,1400
10-09-2011,4100
11-09-2011,
12-09-2011,4400
13-09-2011,1800
14-09-2011,4400
15-09-2011,4400
16-09-2011,4400
17-09-2011,4400
18-09-2011,
19-09-2011,1800
20-09-2011,1800
21-09-2011,4100
22-09-2011,4900
23-09-2011,4900
24-09-2011,4900
25-09-2011,
26-09-2011,4900
27-09-2011,4900
28-09-2011,4900
29-09-2011,4900
30-09-2011,4900
01-10-2011,5400
02-10-2011,
03-10-2011,5900
04-10-2011,5900
05-10-2011,3900
06-10-2011,2400
07-10-2011,5900
08-10-2011,3900
09-10-2011,
10-10-2011,5900
11-10-2011,5400
12-10-2011,5400
13-10-2011,5400
14-10-2011,5400
15-10-2011,5400
16-10-2011,
17-10-2011,5400
18-10-2011,5400
19-10-2011,5400
20-10-2011,5400
21-10-2011,5400
22-10-2011,5100
23-10-2011,
24-10-2011,5400
25-10-2011,5400
26-10-2011,
27-10-2011,4900
28-10-2011,4900
29-10-2011,3900
30-10-2011,
31-10-2011,2800
01-11-2011,4000
02-11-2011,4900
03-11-2011,4900
04-11-2011,4900
05-11-2011,
06-11-2011,
07-11-2011,
08-11-2011,4400
09-11-2011,3900
10-11-2011,3900
11-11-2011,3900
12-11-2011,3400
13-11-2011,
14-11-2011,4900
15-11-2011,4900
16-11-2011,4900
17-11-2011,4900
18-11-2011,4900
19-11-2011,4900
20-11-2011,
21-11-2011,4900
22-11-2011,3900
23-11-2011,3900
24-11-2011,3900
25-11-2011,3900
26-11-2011,3900
27-11-2011,
28-11-2011,3900
29-11-2011,3300
30-11-2011,3200
01-12-2011,4750
02-12-2011,
03-12-2011,
04-12-2011,
05-12-2011,
06-12-2011,
07-12-2011,
08-12-2011,
09-12-2011,
10-12-2011,
11-12-2011,
12-12-2011,
13-12-2011,
14-12-2011,
15-12-2011,
16-12-2011,
17-12-2011,
18-12-2011,
19-12-2011,
20-12-2011,
21-12-2011,
22-12-2011,
23-12-2011,
24-12-2011,
25-12-2011,
26-12-2011,
27-12-2011,
28-12-2011,
29-12-2011,
30-12-2011,
31-12-2011,
01-01-2012,1550
02-01-2012,1400
03-01-2012,1400
04-01-2012,1400
05-01-2012,2000
06-01-2012,2000
07-01-2012,5250
08-01-2012,2000
09-01-2012,2000
10-01-2012,2000
11-01-2012,1550
12-01-2012,1550
13-01-2012,1550
14-01-2012,4100
15-01-2012,300
16-01-2012,1600
17-01-2012,1950
18-01-2012,1900
19-01-2012,1900
20-01-2012,5500
21-01-2012,1850
22-01-2012,1850
23-01-2012,7300
24-01-2012,12250
25-01-2012,1400
26-01-2012,
27-01-2012,1700
28-01-2012,6500
29-01-2012,
30-01-2012,1700
31-01-2012,1700
01-02-2012,1700
02-02-2012,9000
03-02-2012,1550
04-02-2012,5200
05-02-2012,3300
06-02-2012,9000
07-02-2012,5200
08-02-2012,4800
09-02-2012,4700
10-02-2012,11000
11-02-2012,9500
12-02-2012,5000
13-02-2012,1300
14-02-2012,8500
15-02-2012,9500
16-02-2012,8500
17-02-2012,7750
18-02-2012,7750
19-02-2012,
20-02-2012,225
21-02-2012,2400
22-02-2012,1400
23-02-2012,8500
24-02-2012,7500
25-02-2012,7750
26-02-2012,3200
27-02-2012,7000
28-02-2012,7000
29-02-2012,6500
01-03-2012,2600
02-03-2012,5500
03-03-2012,5500
04-03-2012,2500
05-03-2012,3500
06-03-2012,4500
07-03-2012,4250
08-03-2012,2600
09-03-2012,3250
10-03-2012,2750
11-03-2012,4000
12-03-2012,3500
13-03-2012,3500
14-03-2012,2600
15-03-2012,2750
16-03-2012,2750
17-03-2012,3000
18-03-2012,3000
19-03-2012,1700
20-03-2012,3000
21-03-2012,1100
22-03-2012,2500
23-03-2012,2250
24-03-2012,4000
25-03-2012,3000
26-03-2012,2125
27-03-2012,2250
28-03-2012,2125
29-03-2012,2375
30-03-2012,1875
31-03-2012,1900
01-04-2012,2500
02-04-2012,1850
03-04-2012,1875
04-04-2012,1650
05-04-2012,1875
06-04-2012,4500
07-04-2012,4300
08-04-2012,4500
09-04-2012,1600
10-04-2012,1550
11-04-2012,1500
12-04-2012,1450
13-04-2012,1450
14-04-2012,4000
15-04-2012,4000
16-04-2012,2400
17-04-2012,1100
18-04-2012,1350
19-04-2012,1375
20-04-2012,1250
21-04-2012,1400
22-04-2012,2500
23-04-2012,1300
24-04-2012,1350
25-04-2012,1450
26-04-2012,1450
27-04-2012,1500
28-04-2012,1500
29-04-2012,1300
30-04-2012,1375
01-05-2012,1500
02-05-2012,4500
03-05-2012,4250
04-05-2012,4000
05-05-2012,4250
06-05-2012,2500
07-05-2012,4250
08-05-2012,4000
09-05-2012,4750
10-05-2012,4000
11-05-2012,2800
12-05-2012,3750
13-05-2012,2700
14-05-2012,2700
15-05-2012,2700
16-05-2012,2700
17-05-2012,3000
18-05-2012,2875
19-05-2012,550
20-05-2012,2700
21-05-2012,1200
22-05-2012,3000
23-05-2012,3000
24-05-2012,2750
25-05-2012,2750
26-05-2012,2500
27-05-2012,1000
28-05-2012,2500
29-05-2012,2500
30-05-2012,2250
31-05-2012,2500
01-06-2012,3750
02-06-2012,3750
03-06-2012,4125
04-06-2012,4375
05-06-2012,4250
06-06-2012,4000
07-06-2012,3875
08-06-2012,1800
09-06-2012,3375
10-06-2012,3375
11-06-2012,2625
12-06-2012,3000
13-06-2012,3750
14-06-2012,3750
15-06-2012,4125
16-06-2012,3750
17-06-2012,4000
18-06-2012,4125
19-06-2012,2625
20-06-2012,2750
21-06-2012,2750
22-06-2012,2500
23-06-2012,1250
24-06-2012,700
25-06-2012,2750
26-06-2012,2500
27-06-2012,2500
28-06-2012,2750
29-06-2012,3125
30-06-2012,2875
01-07-2012,1300
02-07-2012,3000
03-07-2012,3000
04-07-2012,3000
05-07-2012,3000
06-07-2012,1375
07-07-2012,1450
08-07-2012,400
09-07-2012,1450
10-07-2012,1400
11-07-2012,1550
12-07-2012,1500
13-07-2012,1900
14-07-2012,1850
15-07-2012,800
16-07-2012,1875
17-07-2012,1875
18-07-2012,2125
19-07-2012,2125
20-07-2012,700
21-07-2012,800
22-07-2012,800
23-07-2012,600
24-07-2012,800
25-07-2012,600
26-07-2012,1000
27-07-2012,900
28-07-2012,1000
29-07-2012,600
30-07-2012,1000
31-07-2012,2000
01-08-2012,1800
02-08-2012,1800
03-08-2012,1800
04-08-2012,1600
05-08-2012,2000
06-08-2012,740
07-08-2012,1200
08-08-2012,1800
09-08-2012,700
10-08-2012,700
11-08-2012,1000
12-08-2012,1000
13-08-2012,0
14-08-2012,2000
15-08-2012,2000
16-08-2012,1000
17-08-2012,2200
18-08-2012,2200
19-08-2012,2500
20-08-2012,900
21-08-2012,2800
22-08-2012,3000
23-08-2012,3500
24-08-2012,1300
25-08-2012,0
26-08-2012,1500
27-08-2012,3850
28-08-2012,1300
29-08-2012,1200
30-08-2012,4900
31-08-2012,4000
01-09-2012,5300
02-09-2012,
03-09-2012,3700
04-09-2012,3400
05-09-2012,3300
06-09-2012,3075
07-09-2012,2625
08-09-2012,3900
09-09-2012,2625
10-09-2012,3000
11-09-2012,2150
12-09-2012,2150
13-09-2012,2150
14-09-2012,2000
15-09-2012,2000
16-09-2012,
17-09-2012,2250
18-09-2012,3000
19-09-2012,3000
20-09-2012,2350
21-09-2012,2350
22-09-2012,2500
23-09-2012,2500
24-09-2012,2500
25-09-2012,2250
26-09-2012,2250
27-09-2012,3500
28-09-2012,8500
29-09-2012,3200
30-09-2012,
01-10-2012,2000
02-10-2012,1925
03-10-2012,7500
04-10-2012,2750
05-10-2012,2800
06-10-2012,2300
07-10-2012,2300
08-10-2012,2300
09-10-2012,2250
10-10-2012,6500
11-10-2012,2250
12-10-2012,4750
13-10-2012,1800
14-10-2012,1800
15-10-2012,4850
16-10-2012,1375
17-10-2012,5250
18-10-2012,5500
19-10-2012,4500
20-10-2012,1550
21-10-2012,1550
22-10-2012,1825
23-10-2012,1625
24-10-2012,1550
25-10-2012,3500
26-10-2012,1800
27-10-2012,1800
28-10-2012,1800
29-10-2012,3800
30-10-2012,1800
31-10-2012,1800
01-11-2012,2125
02-11-2012,2125
03-11-2012,1800
04-11-2012,1800
05-11-2012,2050
06-11-2012,1900
07-11-2012,1950
08-11-2012,5000
09-11-2012,4500
10-11-2012,4250
11-11-2012,2050
12-11-2012,5500
13-11-2012,2050
14-11-2012,3800
15-11-2012,4500
16-11-2012,1800
17-11-2012,2050
18-11-2012,2050
19-11-2012,1875
20-11-2012,1800
21-11-2012,1550
22-11-2012,1625
23-11-2012,1550
24-11-2012,1300
25-11-2012,1550
26-11-2012,1550
27-11-2012,4500
28-11-2012,4500
29-11-2012,2050
30-11-2012,5500
01-12-2012,5500
02-12-2012,1300
03-12-2012,1800
04-12-2012,1800
05-12-2012,4250
06-12-2012,1800
07-12-2012,5250
08-12-2012,1625
09-12-2012,1300
10-12-2012,1375
11-12-2012,4750
12-12-2012,4250
13-12-2012,3300
14-12-2012,3500
15-12-2012,4000
16-12-2012,1450
17-12-2012,3300
18-12-2012,4500
19-12-2012,4750
20-12-2012,4500
21-12-2012,5250
22-12-2012,4250
23-12-2012,1750
24-12-2012,1625
25-12-2012,1625
26-12-2012,1650
27-12-2012,1800
28-12-2012,1800
29-12-2012,6500
30-12-2012,
31-12-2012,2050
01-01-2013,2050
02-01-2013,6500
03-01-2013,5500
04-01-2013,6250
05-01-2013,5500
06-01-2013,1900
07-01-2013,1800
08-01-2013,5500
09-01-2013,6250
10-01-2013,1875
11-01-2013,5500
12-01-2013,5500
13-01-2013,1700
14-01-2013,3600
15-01-2013,9500
16-01-2013,9500
17-01-2013,10250
18-01-2013,12750
19-01-2013,10500
20-01-2013,1425
21-01-2013,1750
22-01-2013,7500
23-01-2013,6500
24-01-2013,2250
25-01-2013,4000
26-01-2013,2250
27-01-2013,2125
28-01-2013,4000
29-01-2013,9500
30-01-2013,7000
31-01-2013,10500
01-02-2013,8000
02-02-2013,4500
03-02-2013,3000
04-02-2013,7250
05-02-2013,7250
06-02-2013,6250
07-02-2013,6500
08-02-2013,5750
09-02-2013,6250
10-02-2013,2250
11-02-2013,3500
12-02-2013,6500
13-02-2013,6000
14-02-2013,5500
15-02-2013,5500
16-02-2013,4250
17-02-2013,2500
18-02-2013,3000
19-02-2013,5500
20-02-2013,4500
21-02-2013,4000
22-02-2013,4000
23-02-2013,3750
24-02-2013,3500
25-02-2013,2800
26-02-2013,3000
27-02-2013,2750
28-02-2013,2750
01-03-2013,2300
02-03-2013,2300
03-03-2013,4000
04-03-2013,2850
05-03-2013,2750
06-03-2013,2625
07-03-2013,2250
08-03-2013,2250
09-03-2013,2250
10-03-2013,3000
11-03-2013,2000
12-03-2013,2250
13-03-2013,2075
14-03-2013,2000
15-03-2013,2000
16-03-2013,2050
17-03-2013,1500
18-03-2013,1750
19-03-2013,1750
20-03-2013,2000
21-03-2013,2000
22-03-2013,2000
23-03-2013,2000
24-03-2013,10000
25-03-2013,2000
26-03-2013,1875
27-03-2013,2000
28-03-2013,1750
29-03-2013,1875
30-03-2013,1750
31-03-2013,1600
01-04-2013,1750
02-04-2013,1750
03-04-2013,1750
04-04-2013,1750
05-04-2013,1750
06-04-2013,1500
07-04-2013,1100
08-04-2013,1750
09-04-2013,1750
10-04-2013,1800
11-04-2013,3800
12-04-2013,2000
13-04-2013,1450
14-04-2013,1100
15-04-2013,1500
16-04-2013,1000
17-04-2013,1125
18-04-2013,2875
19-04-2013,1600
20-04-2013,2750
21-04-2013,900
22-04-2013,2750
23-04-2013,2875
24-04-2013,2875
25-04-2013,2750
26-04-2013,2750
27-04-2013,2625
28-04-2013,800
29-04-2013,2625
30-04-2013,2625
01-05-2013,2750
02-05-2013,3000
03-05-2013,3000
04-05-2013,3000
05-05-2013,700
06-05-2013,2875
07-05-2013,2875
08-05-2013,2625
09-05-2013,2625
10-05-2013,2875
11-05-2013,3125
12-05-2013,1300
13-05-2013,2500
14-05-2013,2750
15-05-2013,2750
16-05-2013,2750
17-05-2013,2500
18-05-2013,2500
19-05-2013,850
20-05-2013,2375
21-05-2013,2250
22-05-2013,2250
23-05-2013,2250
24-05-2013,2250
25-05-2013,2250
26-05-2013,2200
27-05-2013,2125
28-05-2013,1950
29-05-2013,2000
30-05-2013,1875
31-05-2013,2000
01-06-2013,2000
02-06-2013,2000
03-06-2013,2000
04-06-2013,2000
05-06-2013,2000
06-06-2013,2000
07-06-2013,2000
08-06-2013,1500
09-06-2013,2500
10-06-2013,2000
11-06-2013,1200
12-06-2013,1500
13-06-2013,2000
14-06-2013,1875
15-06-2013,2150
16-06-2013,1500
17-06-2013,1625
18-06-2013,1625
19-06-2013,1700
20-06-2013,663
21-06-2013,750
22-06-2013,1500
23-06-2013,2000
24-06-2013,2000
25-06-2013,2000
26-06-2013,2000
27-06-2013,2000
28-06-2013,2000
29-06-2013,1500
30-06-2013,1500
01-07-2013,2000
02-07-2013,1500
03-07-2013,2000
04-07-2013,2000
05-07-2013,1500
06-07-2013,1125
07-07-2013,1500
08-07-2013,1250
09-07-2013,1250
10-07-2013,1300
11-07-2013,4000
12-07-2013,0
13-07-2013,2125
14-07-2013,1500
15-07-2013,4000
16-07-2013,1500
17-07-2013,1500
18-07-2013,1500
19-07-2013,1500
20-07-2013,1500
21-07-2013,1500
22-07-2013,4200
23-07-2013,2000
24-07-2013,4000
25-07-2013,2000
26-07-2013,2000
27-07-2013,1100
28-07-2013,2000
29-07-2013,1800
30-07-2013,2000
31-07-2013,2500
01-08-2013,2500
02-08-2013,2500
03-08-2013,2500
04-08-2013,2500
05-08-2013,3400
06-08-2013,3000
07-08-2013,3000
08-08-2013,3000
09-08-2013,3500
10-08-2013,3400
11-08-2013,
12-08-2013,3800
13-08-2013,3800
14-08-2013,3800
15-08-2013,3900
16-08-2013,3300
17-08-2013,3350
18-08-2013,
19-08-2013,3300
20-08-2013,3300
21-08-2013,3500
22-08-2013,3000
23-08-2013,3650
24-08-2013,3800
25-08-2013,
26-08-2013,5000
27-08-2013,3650
28-08-2013,4400
29-08-2013,3350
30-08-2013,3450
31-08-2013,4650
01-09-2013,
02-09-2013,3600
03-09-2013,3775
04-09-2013,3300
05-09-2013,3500
06-09-2013,3500
07-09-2013,3250
08-09-2013,
09-09-2013,3775
10-09-2013,3775
11-09-2013,3800
12-09-2013,3800
13-09-2013,3800
14-09-2013,4100
15-09-2013,3775
16-09-2013,4500
17-09-2013,3825
18-09-2013,4500
19-09-2013,4000
20-09-2013,4300
21-09-2013,4400
22-09-2013,
23-09-2013,5300
24-09-2013,4800
25-09-2013,4500
26-09-2013,4500
27-09-2013,3825
28-09-2013,3775
29-09-2013,3775
30-09-2013,3775
01-10-2013,3775
02-10-2013,3825
03-10-2013,3550
04-10-2013,3600
05-10-2013,3800
06-10-2013,3800
07-10-2013,3750
08-10-2013,3550
09-10-2013,3775
10-10-2013,3825
11-10-2013,3550
12-10-2013,3825
13-10-2013,3825
14-10-2013,2575
15-10-2013,8500
16-10-2013,7000
17-10-2013,2800
18-10-2013,3800
19-10-2013,2800
20-10-2013,2800
21-10-2013,2575
22-10-2013,2525
23-10-2013,2050
24-10-2013,7000
25-10-2013,2075
26-10-2013,2025
27-10-2013,2025
28-10-2013,1900
29-10-2013,1900
30-10-2013,2300
31-10-2013,2300
01-11-2013,4500
02-11-2013,2300
03-11-2013,2550
04-11-2013,4300
05-11-2013,4500
06-11-2013,2300
07-11-2013,2325
08-11-2013,4500
09-11-2013,2050
10-11-2013,2075
11-11-2013,2000
12-11-2013,1900
13-11-2013,4750
14-11-2013,4750
15-11-2013,4750
16-11-2013,4250
17-11-2013,1800
18-11-2013,1925
19-11-2013,1900
20-11-2013,1900
21-11-2013,5250
22-11-2013,5500
23-11-2013,4500
24-11-2013,1925
25-11-2013,4250
26-11-2013,4500
27-11-2013,3500
28-11-2013,3300
29-11-2013,2400
30-11-2013,1800
01-12-2013,1800
02-12-2013,2650
03-12-2013,1650
04-12-2013,1675
05-12-2013,1700
06-12-2013,1675
07-12-2013,4500
08-12-2013,1775
09-12-2013,1800
10-12-2013,5500
11-12-2013,1750
12-12-2013,1650
13-12-2013,1675
14-12-2013,1675
15-12-2013,2150
16-12-2013,2175
17-12-2013,2150
18-12-2013,5250
19-12-2013,2325
20-12-2013,5500
21-12-2013,1550
22-12-2013,1425
23-12-2013,5500
24-12-2013,1475
25-12-2013,1475
26-12-2013,4500
27-12-2013,4500
28-12-2013,1675
29-12-2013,1650
30-12-2013,1575
31-12-2013,3900
01-01-2014,4000
02-01-2014,1675
03-01-2014,1675
04-01-2014,8500
05-01-2014,1675
06-01-2014,8000
07-01-2014,6500
08-01-2014,1675
09-01-2014,1650
10-01-2014,1675
11-01-2014,1650
12-01-2014,1650
13-01-2014,1675
14-01-2014,4400
15-01-2014,4650
16-01-2014,9000
17-01-2014,1675
18-01-2014,14500
19-01-2014,
20-01-2014,14500
21-01-2014,4200
22-01-2014,9500
23-01-2014,8500
24-01-2014,7750
25-01-2014,6250
26-01-2014,5000
27-01-2014,10500
28-01-2014,9250
29-01-2014,6500
30-01-2014,12250
31-01-2014,4500
01-02-2014,2150
02-02-2014,2150
03-02-2014,1650
04-02-2014,13750
05-02-2014,7500
06-02-2014,6000
07-02-2014,6500
08-02-2014,5500
09-02-2014,1650
10-02-2014,14500
11-02-2014,5000
12-02-2014,13000
13-02-2014,11250
14-02-2014,11250
15-02-2014,10500
16-02-2014,1675
17-02-2014,7500
18-02-2014,1700
19-02-2014,5200
20-02-2014,5200
21-02-2014,8500
22-02-2014,9500
23-02-2014,2600
24-02-2014,4800
25-02-2014,5000
26-02-2014,7000
27-02-2014,4600
28-02-2014,4300
01-03-2014,3000
02-03-2014,1675
03-03-2014,4500
04-03-2014,5000
05-03-2014,3300
06-03-2014,4500
07-03-2014,4500
08-03-2014,4500
09-03-2014,2800
10-03-2014,4500
11-03-2014,3750
12-03-2014,3500
13-03-2014,3250
14-03-2014,3250
15-03-2014,3000
16-03-2014,2300
17-03-2014,2500
18-03-2014,3250
19-03-2014,2750
20-03-2014,2750
21-03-2014,2750
22-03-2014,2750
23-03-2014,2400
24-03-2014,2500
25-03-2014,2500
26-03-2014,2500
27-03-2014,2500
28-03-2014,2375
29-03-2014,2250
30-03-2014,2300
31-03-2014,2250
01-04-2014,2000
02-04-2014,2250
03-04-2014,2050
04-04-2014,3150
05-04-2014,2100
06-04-2014,2800
07-04-2014,2400
08-04-2014,1850
09-04-2014,1800
10-04-2014,2100
11-04-2014,2650
12-04-2014,1500
13-04-2014,3000
14-04-2014,2750
15-04-2014,2400
16-04-2014,1600
17-04-2014,1800
18-04-2014,2250
19-04-2014,1875
20-04-2014,1000
21-04-2014,1000
22-04-2014,1875
23-04-2014,1500
24-04-2014,1200
25-04-2014,2000
26-04-2014,2750
27-04-2014,1500
28-04-2014,2500
29-04-2014,2750
30-04-2014,1650
01-05-2014,1250
02-05-2014,1500
03-05-2014,2750
04-05-2014,1500
05-05-2014,2500
06-05-2014,2500
07-05-2014,2500
08-05-2014,2500
09-05-2014,2500
10-05-2014,2500
11-05-2014,1500
12-05-2014,2500
13-05-2014,2500
14-05-2014,2500
15-05-2014,2500
16-05-2014,2500
17-05-2014,2250
18-05-2014,1600
19-05-2014,2250
20-05-2014,2000
21-05-2014,2250
22-05-2014,2250
23-05-2014,1500
24-05-2014,800
25-05-2014,1200
26-05-2014,2125
27-05-2014,2000
28-05-2014,2000
29-05-2014,2000
30-05-2014,2000
31-05-2014,2000
01-06-2014,800
02-06-2014,2000
03-06-2014,2500
04-06-2014,2500
05-06-2014,1750
06-06-2014,2500
07-06-2014,2500
08-06-2014,900
09-06-2014,4700
10-06-2014,2500
11-06-2014,2500
12-06-2014,2500
13-06-2014,4800
14-06-2014,2500
15-06-2014,3200
16-06-2014,2500
17-06-2014,2250
18-06-2014,2500
19-06-2014,2500
20-06-2014,2100
21-06-2014,906
22-06-2014,1750
23-06-2014,1000
24-06-2014,1000
25-06-2014,500
26-06-2014,800
27-06-2014,4750
28-06-2014,4750
29-06-2014,2750
30-06-2014,2250
01-07-2014,4000
02-07-2014,2500
03-07-2014,4000
04-07-2014,2500
05-07-2014,1700
06-07-2014,1200
07-07-2014,5000
08-07-2014,1007
09-07-2014,600
10-07-2014,1800
11-07-2014,800
12-07-2014,2700
13-07-2014,1100
14-07-2014,1000
15-07-2014,3000
16-07-2014,700
17-07-2014,1700
18-07-2014,3400
19-07-2014,2200
20-07-2014,2000
21-07-2014,3300
22-07-2014,3400
23-07-2014,600
24-07-2014,3600
25-07-2014,3600
26-07-2014,600
27-07-2014,1200
28-07-2014,3300
29-07-2014,3400
30-07-2014,3300
31-07-2014,2300
01-08-2014,4200
02-08-2014,1700
03-08-2014,1200
04-08-2014,4600
05-08-2014,3200
06-08-2014,5000
07-08-2014,3200
08-08-2014,3200
09-08-2014,3500
10-08-2014,4000
11-08-2014,2000
12-08-2014,5600
13-08-2014,5600
14-08-2014,5700
15-08-2014,4700
16-08-2014,3800
17-08-2014,
18-08-2014,3200
19-08-2014,2300
20-08-2014,5400
21-08-2014,2300
22-08-2014,2300
23-08-2014,5400
24-08-2014,
25-08-2014,5400
26-08-2014,5600
27-08-2014,0
28-08-2014,5400
29-08-2014,5600
30-08-2014,5500
31-08-2014,
01-09-2014,6000
02-09-2014,
03-09-2014,7000
04-09-2014,6000
05-09-2014,6000
06-09-2014,6500
07-09-2014,
08-09-2014,
09-09-2014,6900
10-09-2014,7500
11-09-2014,5100
12-09-2014,9500
13-09-2014,7000
14-09-2014,
15-09-2014,3900
16-09-2014,4275
17-09-2014,5600
18-09-2014,4300
19-09-2014,5600
20-09-2014,4300
21-09-2014,
22-09-2014,4100
23-09-2014,3300
24-09-2014,5400
25-09-2014,4600
26-09-2014,3325
27-09-2014,3325
28-09-2014,3300
29-09-2014,5500
30-09-2014,2775
01-10-2014,2775
02-10-2014,2775
03-10-2014,2775
04-10-2014,2775
05-10-2014,
06-10-2014,2800
07-10-2014,4600
08-10-2014,6400
09-10-2014,2575
10-10-2014,2775
11-10-2014,2775
12-10-2014,2550
13-10-2014,2575
14-10-2014,2325
15-10-2014,2075
16-10-2014,1675
17-10-2014,1800
18-10-2014,2550
19-10-2014,2550
20-10-2014,2300
21-10-2014,1800
22-10-2014,1800
23-10-2014,1800
24-10-2014,7600
25-10-2014,8000
26-10-2014,2775
27-10-2014,2900
28-10-2014,2800
29-10-2014,2800
30-10-2014,6600
31-10-2014,2800
01-11-2014,2300
02-11-2014,2300
03-11-2014,2300
04-11-2014,2300
05-11-2014,4500
06-11-2014,2300
07-11-2014,2700
08-11-2014,2700
09-11-2014,2700
10-11-2014,2700
11-11-2014,2450
12-11-2014,5600
13-11-2014,6100
14-11-2014,8000
15-11-2014,2275
16-11-2014,2025
17-11-2014,2325
18-11-2014,1800
19-11-2014,6100
20-11-2014,2300
21-11-2014,6750
22-11-2014,7000
23-11-2014,2300
24-11-2014,2450
25-11-2014,2300
26-11-2014,9250
27-11-2014,9500
28-11-2014,8500
29-11-2014,2200
30-11-2014,2525
01-12-2014,2550
02-12-2014,8500
03-12-2014,2175
04-12-2014,2300
05-12-2014,2300
06-12-2014,8500
07-12-2014,2300
08-12-2014,7750
09-12-2014,7000
10-12-2014,6100
11-12-2014,6100
12-12-2014,2200
13-12-2014,2200
14-12-2014,2200
15-12-2014,2450
16-12-2014,2200
17-12-2014,2200
18-12-2014,2300
19-12-2014,2300
20-12-2014,6600
21-12-2014,
22-12-2014,2450
23-12-2014,1825
24-12-2014,7100
25-12-2014,4900
26-12-2014,7100
27-12-2014,14500
28-12-2014,2125
29-12-2014,2825
30-12-2014,2825
31-12-2014,2450
01-01-2015,3300
02-01-2015,10000
03-01-2015,3050
04-01-2015,3050
05-01-2015,3300
06-01-2015,3600
07-01-2015,3700
08-01-2015,3450
09-01-2015,3450
10-01-2015,2775
11-01-2015,2275
12-01-2015,2800
13-01-2015,9950
14-01-2015,9900
15-01-2015,9900
16-01-2015,2450
17-01-2015,9900
18-01-2015,1800
19-01-2015,10100
20-01-2015,12000
21-01-2015,2700
22-01-2015,8100
23-01-2015,2300
24-01-2015,17000
25-01-2015,
26-01-2015,10000
27-01-2015,2800
28-01-2015,2300
29-01-2015,2300
30-01-2015,8100
31-01-2015,14500
01-02-2015,4000
02-02-2015,2100
03-02-2015,2300
04-02-2015,2300
05-02-2015,5800
06-02-2015,7500
07-02-2015,6000
08-02-2015,8000
09-02-2015,4100
10-02-2015,6000
11-02-2015,10500
12-02-2015,5000
13-02-2015,4500
14-02-2015,3800
15-02-2015,2500
16-02-2015,2800
17-02-2015,4500
18-02-2015,4000
19-02-2015,5500
20-02-2015,5000
21-02-2015,4000
22-02-2015,6000
23-02-2015,3500
24-02-2015,4000
25-02-2015,3800
26-02-2015,3500
27-02-2015,4500
28-02-2015,3700
01-03-2015,3000
02-03-2015,3800
03-03-2015,4500
04-03-2015,4500
05-03-2015,3900
06-03-2015,2600
07-03-2015,3300
08-03-2015,3500
09-03-2015,3700
10-03-2015,4000
11-03-2015,4200
12-03-2015,4000
13-03-2015,1300
14-03-2015,3800
15-03-2015,3750
16-03-2015,3000
17-03-2015,2500
18-03-2015,3500
19-03-2015,3000
20-03-2015,2500
21-03-2015,3500
22-03-2015,4000
23-03-2015,3200
24-03-2015,3500
25-03-2015,3200
26-03-2015,3000
27-03-2015,2500
28-03-2015,3000
29-03-2015,3000
30-03-2015,2700
31-03-2015,2500
01-04-2015,3000
02-04-2015,2500
03-04-2015,2200
04-04-2015,2000
05-04-2015,4000
06-04-2015,2000
07-04-2015,2000
08-04-2015,1800
09-04-2015,2200
10-04-2015,1800
11-04-2015,2000
12-04-2015,2000
13-04-2015,1800
14-04-2015,1500
15-04-2015,1600
16-04-2015,2000
17-04-2015,2000
18-04-2015,2000
19-04-2015,4000
20-04-2015,1800
21-04-2015,1500
22-04-2015,1500
23-04-2015,1500
24-04-2015,1800
25-04-2015,1500
26-04-2015,1000
27-04-2015,1800
28-04-2015,1800
29-04-2015,1600
30-04-2015,1500
01-05-2015,1200
02-05-2015,1400
03-05-2015,900
04-05-2015,1700
05-05-2015,1500
06-05-2015,1500
07-05-2015,1500
08-05-2015,1500
09-05-2015,1500
10-05-2015,2000
11-05-2015,1400
12-05-2015,1500
13-05-2015,1300
14-05-2015,1300
15-05-2015,1200
16-05-2015,1600
17-05-2015,2000
18-05-2015,1500
19-05-2015,1600
20-05-2015,1500
21-05-2015,1300
22-05-2015,1500
23-05-2015,1500
24-05-2015,3000
25-05-2015,1500
26-05-2015,1300
27-05-2015,1500
28-05-2015,1500
29-05-2015,1500
30-05-2015,1300
31-05-2015,3000
01-06-2015,3500
02-06-2015,1400
03-06-2015,1400
04-06-2015,1700
05-06-2015,1400
06-06-2015,1500
07-06-2015,1800
08-06-2015,1400
09-06-2015,1500
10-06-2015,1600
11-06-2015,1500
12-06-2015,1500
13-06-2015,1500
14-06-2015,2900
15-06-2015,1500
16-06-2015,1500
17-06-2015,1600
18-06-2015,1500
19-06-2015,1500
20-06-2015,1600
21-06-2015,1800
22-06-2015,1800
23-06-2015,1600
24-06-2015,2000
25-06-2015,1800
26-06-2015,1600
27-06-2015,1700
28-06-2015,1800
29-06-2015,1800
30-06-2015,1600
01-07-2015,1600
02-07-2015,2200
03-07-2015,1500
04-07-2015,2200
05-07-2015,1600
06-07-2015,2300
07-07-2015,2200
08-07-2015,2500
09-07-2015,2250
10-07-2015,2000
11-07-2015,2300
12-07-2015,1600
13-07-2015,2300
14-07-2015,2300
15-07-2015,2350
16-07-2015,2300
17-07-2015,2400
18-07-2015,2250
19-07-2015,4000
20-07-2015,3800
21-07-2015,1900
22-07-2015,3250
23-07-2015,2400
24-07-2015,3500
25-07-2015,3500
26-07-2015,4500
27-07-2015,3000
28-07-2015,4000
29-07-2015,3500
30-07-2015,3500
31-07-2015,3250
01-08-2015,3000
02-08-2015,
03-08-2015,3000
04-08-2015,2750
05-08-2015,3100
06-08-2015,3100
07-08-2015,3000
08-08-2015,3400
09-08-2015,4000
10-08-2015,3000
11-08-2015,3100
12-08-2015,3100
13-08-2015,6800
14-08-2015,7800
15-08-2015,2200
16-08-2015,5800
17-08-2015,1500
18-08-2015,4100
19-08-2015,3500
20-08-2015,3000
21-08-2015,3000
22-08-2015,780
23-08-2015,10000
24-08-2015,3000
25-08-2015,8100
26-08-2015,4600
27-08-2015,5500
28-08-2015,5000
29-08-2015,7000
30-08-2015,10000
31-08-2015,5500
01-09-2015,5600
02-09-2015,10200
03-09-2015,6600
04-09-2015,3600
05-09-2015,7500
06-09-2015,
07-09-2015,4600
08-09-2015,5100
09-09-2015,3600
10-09-2015,4600
11-09-2015,7500
12-09-2015,4600
13-09-2015,
14-09-2015,10600
15-09-2015,10100
16-09-2015,7100
17-09-2015,7100
18-09-2015,9600
19-09-2015,7100
20-09-2015,4000
21-09-2015,4325
22-09-2015,3325
23-09-2015,3325
24-09-2015,3800
25-09-2015,3800
26-09-2015,7100
27-09-2015,
28-09-2015,5100
29-09-2015,3300
30-09-2015,6600
01-10-2015,3800
02-10-2015,4600
03-10-2015,3325
04-10-2015,3325
05-10-2015,3325
06-10-2015,3550
07-10-2015,5600
08-10-2015,5700
09-10-2015,3000
10-10-2015,8500
11-10-2015,10000
12-10-2015,5100
13-10-2015,8250
14-10-2015,4600
15-10-2015,5500
16-10-2015,2825
17-10-2015,2425
18-10-2015,2425
19-10-2015,2800
20-10-2015,2800
21-10-2015,3075
22-10-2015,3075
23-10-2015,2800
24-10-2015,3225
25-10-2015,3225
26-10-2015,5100
27-10-2015,2800
28-10-2015,2800
29-10-2015,7000
30-10-2015,7000
31-10-2015,2800
01-11-2015,10000
02-11-2015,4500
03-11-2015,4600
04-11-2015,5500
05-11-2015,2300
06-11-2015,5250
07-11-2015,2100
08-11-2015,2100
09-11-2015,2325
10-11-2015,4000
11-11-2015,2800
12-11-2015,4600
13-11-2015,4400
14-11-2015,2675
15-11-2015,2675
16-11-2015,2675
17-11-2015,2175
18-11-2015,1300
19-11-2015,1675
20-11-2015,5200
21-11-2015,5500
22-11-2015,1675
23-11-2015,5500
24-11-2015,7750
25-11-2015,3500
26-11-2015,1825
27-11-2015,5500
28-11-2015,4600
29-11-2015,4000
30-11-2015,2050
01-12-2015,4600
02-12-2015,1675
03-12-2015,4300
04-12-2015,1675
05-12-2015,3600
06-12-2015,4000
07-12-2015,1925
08-12-2015,5500
09-12-2015,4300
10-12-2015,4500
11-12-2015,4200
12-12-2015,3500
13-12-2015,4000
14-12-2015,5600
15-12-2015,3500
16-12-2015,5600
17-12-2015,1925
18-12-2015,1800
19-12-2015,2175
20-12-2015,2175
21-12-2015,2175
22-12-2015,2050
23-12-2015,2050
24-12-2015,4600
25-12-2015,1925
26-12-2015,3600
27-12-2015,2175
28-12-2015,1925
29-12-2015,4600
30-12-2015,3100
31-12-2015,3600
01-01-2016,1475
02-01-2016,4300
03-01-2016,
04-01-2016,3800
05-01-2016,3100
06-01-2016,3100
07-01-2016,3100
08-01-2016,1675
09-01-2016,3800
10-01-2016,1800
11-01-2016,1300
12-01-2016,1250
13-01-2016,5300
14-01-2016,4600
15-01-2016,8600
16-01-2016,8500
17-01-2016,1300
18-01-2016,1150
19-01-2016,5000
20-01-2016,7500
21-01-2016,15000
22-01-2016,1000
23-01-2016,1000
24-01-2016,1000
25-01-2016,7600
26-01-2016,18500
27-01-2016,8500
28-01-2016,8500
29-01-2016,7600
30-01-2016,9500
31-01-2016,4000
01-02-2016,9300
02-02-2016,5600
03-02-2016,8500
04-02-2016,9300
05-02-2016,9300
06-02-2016,5600
07-02-2016,1300
08-02-2016,9300
09-02-2016,1300
10-02-2016,5600
11-02-2016,14500
12-02-2016,9500
13-02-2016,9500
14-02-2016,1250
15-02-2016,9500
16-02-2016,8500
17-02-2016,8500
18-02-2016,7800
19-02-2016,7000
20-02-2016,6200
21-02-2016,5000
22-02-2016,6500
23-02-2016,6500
24-02-2016,7000
25-02-2016,6500
26-02-2016,6600
27-02-2016,4500
28-02-2016,5000
29-02-2016,4000
01-03-2016,4000
02-03-2016,4800
03-03-2016,5200
04-03-2016,4300
05-03-2016,5500
06-03-2016,5000
07-03-2016,4200
08-03-2016,3600
09-03-2016,3600
10-03-2016,3800
11-03-2016,3600
12-03-2016,3800
13-03-2016,5000
14-03-2016,3800
15-03-2016,3500
16-03-2016,3600
17-03-2016,3800
18-03-2016,3300
19-03-2016,3000
20-03-2016,5000
21-03-2016,3600
22-03-2016,2600
23-03-2016,3200
24-03-2016,3300
25-03-2016,3300
26-03-2016,2300
27-03-2016,6000
28-03-2016,3500
29-03-2016,2600
30-03-2016,2300
31-03-2016,2125
01-04-2016,3000
02-04-2016,2000
03-04-2016,1800
04-04-2016,2200
05-04-2016,1800
06-04-2016,1800
07-04-2016,2000
08-04-2016,2125
09-04-2016,2100
10-04-2016,5000
11-04-2016,1800
12-04-2016,1500
13-04-2016,1600
14-04-2016,1300
15-04-2016,900
16-04-2016,1700
17-04-2016,2000
18-04-2016,1800
19-04-2016,1700
20-04-2016,4500
21-04-2016,1600
22-04-2016,1400
23-04-2016,1800
24-04-2016,3000
25-04-2016,1200
26-04-2016,1600
27-04-2016,1600
28-04-2016,1600
29-04-2016,3000
30-04-2016,1450
01-05-2016,3000
02-05-2016,1600
03-05-2016,1500
04-05-2016,1600
05-05-2016,1700
06-05-2016,1600
07-05-2016,1500
08-05-2016,3000
09-05-2016,1600
10-05-2016,1550
11-05-2016,1400
12-05-2016,1500
13-05-2016,1700
14-05-2016,1600
15-05-2016,5000
16-05-2016,1400
17-05-2016,1600
18-05-2016,1500
19-05-2016,2200
20-05-2016,1600
21-05-2016,1800
22-05-2016,4000
23-05-2016,1600
24-05-2016,1600
25-05-2016,1500
26-05-2016,1900
27-05-2016,1600
28-05-2016,1800
29-05-2016,6500
30-05-2016,2000
31-05-2016,1600
01-06-2016,1900
02-06-2016,1500
03-06-2016,1800
04-06-2016,1800
05-06-2016,1500
06-06-2016,1800
07-06-2016,1900
08-06-2016,2000
09-06-2016,1800
10-06-2016,1800
11-06-2016,1800
12-06-2016,1750
13-06-2016,1800
14-06-2016,2200
15-06-2016,1650
16-06-2016,1800
17-06-2016,2000
18-06-2016,2200
19-06-2016,2500
20-06-2016,2300
21-06-2016,2800
22-06-2016,2550
23-06-2016,2200
24-06-2016,2600
25-06-2016,2300
26-06-2016,3000
27-06-2016,2600
28-06-2016,2000
29-06-2016,3000
30-06-2016,2000
01-07-2016,2200
02-07-2016,2200
03-07-2016,2750
04-07-2016,2200
05-07-2016,3500
06-07-2016,3750
07-07-2016,3500
08-07-2016,1900
09-07-2016,2300
10-07-2016,2750
11-07-2016,1950
12-07-2016,1800
13-07-2016,1800
14-07-2016,1300
15-07-2016,1300
16-07-2016,1600
17-07-2016,2500
18-07-2016,2200
19-07-2016,950
20-07-2016,1800
21-07-2016,1750
22-07-2016,2800
23-07-2016,2000
24-07-2016,3600
25-07-2016,3600
26-07-2016,3300
27-07-2016,2100
28-07-2016,2300
29-07-2016,3500
30-07-2016,1750
31-07-2016,2850
01-08-2016,2600
02-08-2016,2800
03-08-2016,4100
04-08-2016,3600
05-08-2016,2600
06-08-2016,3100
07-08-2016,3200
08-08-2016,4100
09-08-2016,3600
10-08-2016,3600
11-08-2016,3300
12-08-2016,4100
13-08-2016,5500
14-08-2016,
15-08-2016,3000
16-08-2016,3300
17-08-2016,8100
18-08-2016,8100
19-08-2016,5500
20-08-2016,6100
21-08-2016,
22-08-2016,6600
23-08-2016,6400
24-08-2016,5500
25-08-2016,6500
26-08-2016,6100
27-08-2016,6600
28-08-2016,
29-08-2016,6500
30-08-2016,6500
31-08-2016,6400
01-09-2016,8100
02-09-2016,10250
03-09-2016,6100
04-09-2016,
05-09-2016,5100
06-09-2016,8600
07-09-2016,8000
08-09-2016,8100
09-09-2016,8100
10-09-2016,1800
11-09-2016,8100
12-09-2016,9900
13-09-2016,9900
14-09-2016,
15-09-2016,5000
16-09-2016,6000
17-09-2016,6000
18-09-2016,6020
19-09-2016,10900
20-09-2016,1800
21-09-2016,1800
22-09-2016,8500
23-09-2016,1800
24-09-2016,1800
25-09-2016,1800
26-09-2016,1800
27-09-2016,2800
28-09-2016,2800
29-09-2016,8000
30-09-2016,8000
01-10-2016,11000
02-10-2016,3550
03-10-2016,5300
04-10-2016,2800
05-10-2016,9250
06-10-2016,8250
07-10-2016,2800
08-10-2016,8500
09-10-2016,
10-10-2016,2800
11-10-2016,2800
12-10-2016,3050
13-10-2016,8500
14-10-2016,7500
15-10-2016,8100
16-10-2016,2300
17-10-2016,6500
18-10-2016,2800
19-10-2016,5800
20-10-2016,5500
21-10-2016,5250
22-10-2016,4500
23-10-2016,2300
24-10-2016,2175
25-10-2016,7100
26-10-2016,5500
27-10-2016,5250
28-10-2016,5500
29-10-2016,5500
30-10-2016,5500
31-10-2016,3800
01-11-2016,7600
02-11-2016,5500
03-11-2016,4500
04-11-2016,2300
05-11-2016,2175
06-11-2016,6600
07-11-2016,1700
08-11-2016,1750
09-11-2016,3500
10-11-2016,1200
11-11-2016,4050
12-11-2016,4000
13-11-2016,1800
14-11-2016,1800
15-11-2016,1450
16-11-2016,1450
17-11-2016,4100
18-11-2016,1750
19-11-2016,1750
20-11-2016,1750
21-11-2016,1700
22-11-2016,1300
23-11-2016,1550
24-11-2016,1650
25-11-2016,1500
26-11-2016,4000
27-11-2016,1500
28-11-2016,1500
29-11-2016,4000
30-11-2016,1500
01-12-2016,1500
02-12-2016,1400
03-12-2016,1575
04-12-2016,3500
05-12-2016,1450
06-12-2016,1550
07-12-2016,5100
08-12-2016,1300
09-12-2016,5800
10-12-2016,4300
11-12-2016,1150
12-12-2016,1150
13-12-2016,3750
14-12-2016,1550
15-12-2016,4300
16-12-2016,3600
17-12-2016,3750
18-12-2016,1475
19-12-2016,3600
20-12-2016,3500
21-12-2016,3500
22-12-2016,3750
23-12-2016,3250
24-12-2016,3300
25-12-2016,1550
26-12-2016,3800
27-12-2016,3600
28-12-2016,3500
29-12-2016,4150
30-12-2016,3800
31-12-2016,4300
01-01-2017,1750
02-01-2017,4300
03-01-2017,4300
04-01-2017,3750
05-01-2017,4100
06-01-2017,3800
07-01-2017,3300
08-01-2017,1750
09-01-2017,3300
10-01-2017,3800
11-01-2017,3800
12-01-2017,3600
13-01-2017,3500
14-01-2017,6600
15-01-2017,6000
16-01-2017,3900
17-01-2017,2900
18-01-2017,3000
19-01-2017,3800
20-01-2017,3000
21-01-2017,2000
22-01-2017,5600
23-01-2017,3300
24-01-2017,2700
25-01-2017,2700
26-01-2017,1300
27-01-2017,2750
28-01-2017,2600
29-01-2017,1450
30-01-2017,2800
31-01-2017,2500
01-02-2017,2800
02-02-2017,2200
03-02-2017,2500
04-02-2017,2300
05-02-2017,5000
06-02-2017,2300
07-02-2017,2500
08-02-2017,2350
09-02-2017,2550
10-02-2017,2600
11-02-2017,2500
12-02-2017,3000
13-02-2017,2500
14-02-2017,2800
15-02-2017,2500
16-02-2017,2300
17-02-2017,2400
18-02-2017,2700
19-02-2017,1750
20-02-2017,2400
21-02-2017,2300
22-02-2017,2500
23-02-2017,2500
24-02-2017,2200
25-02-2017,2100
26-02-2017,3000
27-02-2017,1600
28-02-2017,2100
01-03-2017,3200
02-03-2017,2000
03-03-2017,3000
04-03-2017,2600
05-03-2017,3000
06-03-2017,2100
07-03-2017,2500
08-03-2017,2100
09-03-2017,1400
10-03-2017,1900
11-03-2017,2200
12-03-2017,1750
13-03-2017,1625
14-03-2017,2550
15-03-2017,2300
16-03-2017,2100
17-03-2017,2300
18-03-2017,2600
19-03-2017,2125
20-03-2017,2000
21-03-2017,2300
22-03-2017,2400
23-03-2017,2000
24-03-2017,2000
25-03-2017,1800
26-03-2017,1875
27-03-2017,2100
28-03-2017,2200
29-03-2017,1875
30-03-2017,2200
31-03-2017,2500
01-04-2017,2500
02-04-2017,1875
03-04-2017,2500
04-04-2017,2200
05-04-2017,2750
06-04-2017,1900
07-04-2017,1600
08-04-2017,1500
09-04-2017,2875
10-04-2017,2000
11-04-2017,1600
12-04-2017,2100
13-04-2017,1900
14-04-2017,2750
15-04-2017,1900
16-04-2017,2875
17-04-2017,1700
18-04-2017,1600
19-04-2017,1800
20-04-2017,1600
21-04-2017,1600
22-04-2017,1600
23-04-2017,3000
24-04-2017,1700
25-04-2017,1800
26-04-2017,1700
27-04-2017,1800
28-04-2017,3000
29-04-2017,1700
30-04-2017,3250
01-05-2017,1600
02-05-2017,1700
03-05-2017,1600
04-05-2017,1700
05-05-2017,1650
06-05-2017,1900
07-05-2017,3000
08-05-2017,1700
09-05-2017,1700
10-05-2017,1700
11-05-2017,2000
12-05-2017,1600
13-05-2017,1600
14-05-2017,850
15-05-2017,1600
16-05-2017,1700
17-05-2017,1600
18-05-2017,1800
19-05-2017,1650
20-05-2017,2000
21-05-2017,2500
22-05-2017,1500
23-05-2017,1600
24-05-2017,1500
25-05-2017,1000
26-05-2017,1650
27-05-2017,1600
28-05-2017,2250
29-05-2017,1600
30-05-2017,1700
31-05-2017,1700
01-06-2017,2000
02-06-2017,1650
03-06-2017,1850
04-06-2017,2000
05-06-2017,1600
06-06-2017,1550
07-06-2017,1450
08-06-2017,1450
09-06-2017,1300
10-06-2017,1600
11-06-2017,2000
12-06-2017,1450
13-06-2017,1300
14-06-2017,1300
15-06-2017,1350
16-06-2017,1450
17-06-2017,1500
18-06-2017,2875
19-06-2017,1600
20-06-2017,1700
21-06-2017,1550
22-06-2017,1650
23-06-2017,1800
24-06-2017,1900
25-06-2017,3125
26-06-2017,3500
27-06-2017,1800
28-06-2017,1900
29-06-2017,1500
30-06-2017,1900
01-07-2017,1750
02-07-2017,2500
03-07-2017,2500
04-07-2017,2000
05-07-2017,1900
06-07-2017,1650
07-07-2017,1500
08-07-2017,2500
09-07-2017,2375
10-07-2017,1600
11-07-2017,1400
12-07-2017,2000
13-07-2017,2000
14-07-2017,3000
15-07-2017,3000
16-07-2017,1750
17-07-2017,1750
18-07-2017,1750
19-07-2017,1750
20-07-2017,7300
21-07-2017,2500
22-07-2017,2500
23-07-2017,4800
24-07-2017,6500
25-07-2017,6700
26-07-2017,6700
27-07-2017,6700
28-07-2017,6600
29-07-2017,3500
30-07-2017,4750
31-07-2017,5700
01-08-2017,3400
02-08-2017,4000
03-08-2017,3500
04-08-2017,3500
05-08-2017,3500
06-08-2017,
07-08-2017,2650
08-08-2017,4500
09-08-2017,4500
10-08-2017,4500
11-08-2017,3500
12-08-2017,4500
13-08-2017,
14-08-2017,3350
15-08-2017,3350
16-08-2017,4500
17-08-2017,4500
18-08-2017,4500
19-08-2017,3300
20-08-2017,
21-08-2017,3500
22-08-2017,5100
23-08-2017,5100
24-08-2017,4000
25-08-2017,4500
26-08-2017,5100
27-08-2017,
28-08-2017,4000
29-08-2017,4000
30-08-2017,5200
31-08-2017,3500
01-09-2017,5500
02-09-2017,5600
03-09-2017,5600
04-09-2017,
05-09-2017,6120
06-09-2017,5500
07-09-2017,5500
08-09-2017,3800
09-09-2017,5500
10-09-2017,4300
11-09-2017,3725
12-09-2017,4300
13-09-2017,5500
14-09-2017,5500
15-09-2017,5500
16-09-2017,5500
17-09-2017,
18-09-2017,
19-09-2017,
20-09-2017,
21-09-2017,
22-09-2017,
23-09-2017,
24-09-2017,
25-09-2017,
26-09-2017,
27-09-2017,
28-09-2017,
29-09-2017,
30-09-2017,
01-10-2017,
02-10-2017,
03-10-2017,
04-10-2017,
05-10-2017,
06-10-2017,
07-10-2017,
08-10-2017,
09-10-2017,
10-10-2017,
11-10-2017,
12-10-2017,
13-10-2017,
14-10-2017,
15-10-2017,
16-10-2017,
17-10-2017,
18-10-2017,
19-10-2017,
20-10-2017,
21-10-2017,
22-10-2017,
23-10-2017,
24-10-2017,
25-10-2017,
26-10-2017,
27-10-2017,
28-10-2017,
29-10-2017,
30-10-2017,
31-10-2017,
01-11-2017,
02-11-2017,
03-11-2017,
04-11-2017,
05-11-2017,
06-11-2017,
07-11-2017,
08-11-2017,
09-11-2017,
10-11-2017,
11-11-2017,
12-11-2017,
13-11-2017,
14-11-2017,
15-11-2017,
16-11-2017,
17-11-2017,
18-11-2017,
19-11-2017,
20-11-2017,
21-11-2017,
22-11-2017,
23-11-2017,
24-11-2017,
25-11-2017,
26-11-2017,
27-11-2017,
28-11-2017,
29-11-2017,
30-11-2017,
01-12-2017,
02-12-2017,
03-12-2017,
04-12-2017,
05-12-2017,
06-12-2017,
07-12-2017,
08-12-2017,
09-12-2017,
10-12-2017,
11-12-2017,
12-12-2017,
13-12-2017,
14-12-2017,
15-12-2017,
16-12-2017,
17-12-2017,
18-12-2017,
19-12-2017,
20-12-2017,
21-12-2017,
22-12-2017,
23-12-2017,
24-12-2017,
25-12-2017,
26-12-2017,
27-12-2017,
28-12-2017,
29-12-2017,
30-12-2017,
31-12-2017,
01-01-2018,2250
02-01-2018,2600
03-01-2018,2400
04-01-2018,2775
05-01-2018,2775
06-01-2018,2775
07-01-2018,
08-01-2018,2900
09-01-2018,2900
10-01-2018,12000
11-01-2018,2900
12-01-2018,11000
13-01-2018,2900
14-01-2018,12500
15-01-2018,6400
16-01-2018,11500
17-01-2018,11000
18-01-2018,10500
19-01-2018,11500
20-01-2018,3025
21-01-2018,
22-01-2018,2400
23-01-2018,2400
24-01-2018,10300
25-01-2018,8500
26-01-2018,10500
27-01-2018,8500
28-01-2018,
29-01-2018,9600
30-01-2018,7000
31-01-2018,7600
01-02-2018,7350
02-02-2018,7600
03-02-2018,6600
04-02-2018,
05-02-2018,7300
06-02-2018,7100
07-02-2018,6100
08-02-2018,4600
09-02-2018,5600
10-02-2018,6100
11-02-2018,3400
12-02-2018,6000
13-02-2018,4500
14-02-2018,5600
15-02-2018,5600
16-02-2018,6350
17-02-2018,6200
18-02-2018,8500
19-02-2018,5850
20-02-2018,5350
21-02-2018,5850
22-02-2018,7600
23-02-2018,6100
24-02-2018,6500
25-02-2018,6750
26-02-2018,6600
27-02-2018,6350
28-02-2018,6600
01-03-2018,6600
02-03-2018,4050
03-03-2018,5500
04-03-2018,3000
05-03-2018,7300
06-03-2018,6600
07-03-2018,6100
08-03-2018,6250
09-03-2018,6100
10-03-2018,6000
11-03-2018,5250
12-03-2018,4800
13-03-2018,5500
14-03-2018,5600
15-03-2018,4600
16-03-2018,4600
17-03-2018,4100
18-03-2018,4750
19-03-2018,4600
20-03-2018,4100
21-03-2018,4600
22-03-2018,4350
23-03-2018,4350
24-03-2018,4600
25-03-2018,4500
26-03-2018,3600
27-03-2018,3100
28-03-2018,3100
29-03-2018,3250
30-03-2018,3250
31-03-2018,3100
01-04-2018,3125
02-04-2018,3000
03-04-2018,3100
04-04-2018,3100
05-04-2018,2850
06-04-2018,2400
07-04-2018,2000
08-04-2018,2500
09-04-2018,2200
10-04-2018,2100
11-04-2018,1850
12-04-2018,2350
13-04-2018,2350
14-04-2018,2875
15-04-2018,4000
16-04-2018,2150
17-04-2018,2000
18-04-2018,3750
19-04-2018,2000
20-04-2018,1950
21-04-2018,2050
22-04-2018,7000
23-04-2018,1900
24-04-2018,2000
25-04-2018,1800
26-04-2018,2000
27-04-2018,1950
28-04-2018,2100
29-04-2018,3250
30-04-2018,2050
01-05-2018,2000
02-05-2018,1900
03-05-2018,2000
04-05-2018,2000
05-05-2018,2100
06-05-2018,3250
07-05-2018,2100
08-05-2018,2200
09-05-2018,2100
10-05-2018,2200
11-05-2018,2100
12-05-2018,2100
13-05-2018,3125
14-05-2018,2100
15-05-2018,2100
16-05-2018,2000
17-05-2018,1900
18-05-2018,1800
19-05-2018,1900
20-05-2018,2750
21-05-2018,2000
22-05-2018,1950
23-05-2018,2000
24-05-2018,2000
25-05-2018,2100
26-05-2018,2200
27-05-2018,2500
28-05-2018,2100
29-05-2018,2000
30-05-2018,2000
31-05-2018,2000
01-06-2018,2000
02-06-2018,2000
03-06-2018,2750
04-06-2018,2100
05-06-2018,2100
06-06-2018,2200
07-06-2018,2200
08-06-2018,1900
09-06-2018,2250
10-06-2018,3000
11-06-2018,2200
12-06-2018,2200
13-06-2018,2450
14-06-2018,2600
15-06-2018,2800
16-06-2018,3500
17-06-2018,2250
18-06-2018,3250
19-06-2018,3350
20-06-2018,3350
21-06-2018,3750
22-06-2018,4100
23-06-2018,3700
24-06-2018,2000
25-06-2018,3850
26-06-2018,3600
27-06-2018,3600
28-06-2018,2850
29-06-2018,3100
30-06-2018,3200
01-07-2018,2125
02-07-2018,1700
03-07-2018,3500
04-07-2018,2100
05-07-2018,1600
06-07-2018,1600
07-07-2018,2600
08-07-2018,1650
09-07-2018,1150
10-07-2018,1400
11-07-2018,1900
12-07-2018,1800
13-07-2018,2200
14-07-2018,1875
15-07-2018,1650
16-07-2018,1650
17-07-2018,1800
18-07-2018,2100
19-07-2018,2100
20-07-2018,1700
21-07-2018,1400
22-07-2018,1600
23-07-2018,1600
24-07-2018,1400
25-07-2018,1400
26-07-2018,2250
27-07-2018,2250
28-07-2018,2625
29-07-2018,2500
30-07-2018,1200
31-07-2018,2250
01-08-2018,2300
02-08-2018,2000
03-08-2018,2000
04-08-2018,1750
05-08-2018,5500
06-08-2018,2250
07-08-2018,1900
08-08-2018,1900
09-08-2018,5000
10-08-2018,5900
11-08-2018,2500
12-08-2018,5500
13-08-2018,2700
14-08-2018,5700
15-08-2018,5500
16-08-2018,1500
17-08-2018,6500
18-08-2018,8500
19-08-2018,
20-08-2018,5900
21-08-2018,5500
22-08-2018,5100
23-08-2018,5050
24-08-2018,4900
25-08-2018,4900
26-08-2018,2500
27-08-2018,4800
28-08-2018,4850
29-08-2018,6800
30-08-2018,8000
31-08-2018,8500
01-09-2018,6500
02-09-2018,2500
03-09-2018,3000
04-09-2018,7500
05-09-2018,8500
06-09-2018,7400
07-09-2018,7500
08-09-2018,8500
09-09-2018,
10-09-2018,
11-09-2018,7400
12-09-2018,7450
13-09-2018,9500
14-09-2018,8750
15-09-2018,8250
16-09-2018,8200
17-09-2018,7800
18-09-2018,9500
19-09-2018,3950
20-09-2018,8750
21-09-2018,2600
22-09-2018,7500
23-09-2018,7000
24-09-2018,5300
25-09-2018,6250
26-09-2018,5500
27-09-2018,5750
28-09-2018,6375
29-09-2018,3800
30-09-2018,3800
01-10-2018,6750
02-10-2018,9000
03-10-2018,8500
04-10-2018,7250
05-10-2018,7250
06-10-2018,6250
07-10-2018,2800
08-10-2018,2800
09-10-2018,6250
10-10-2018,2925
11-10-2018,6500
12-10-2018,5250
13-10-2018,5500
14-10-2018,5250
15-10-2018,5500
16-10-2018,5250
17-10-2018,5000
18-10-2018,5100
19-10-2018,5250
20-10-2018,4750
21-10-2018,6250
22-10-2018,5100
23-10-2018,5250
24-10-2018,5750
25-10-2018,5250
26-10-2018,5250
27-10-2018,6250
28-10-2018,5500
29-10-2018,3050
30-10-2018,3050
31-10-2018,6500
01-11-2018,7000
02-11-2018,6500
03-11-2018,5750
04-11-2018,5750
05-11-2018,4800
06-11-2018,5750
07-11-2018,3300
08-11-2018,4050
09-11-2018,4100
10-11-2018,3300
11-11-2018,9000
12-11-2018,9500
13-11-2018,7500
14-11-2018,6250
15-11-2018,5500
16-11-2018,5000
17-11-2018,6250
18-11-2018,
19-11-2018,3100
20-11-2018,2150
21-11-2018,4750
22-11-2018,5000
23-11-2018,5500
24-11-2018,5500
25-11-2018,5500
26-11-2018,4750
27-11-2018,6600
28-11-2018,8700
29-11-2018,5000
30-11-2018,3850
01-12-2018,4250
02-12-2018,4000
03-12-2018,4000
04-12-2018,7500
05-12-2018,1950
06-12-2018,4000
07-12-2018,4250
08-12-2018,4250
09-12-2018,7000
10-12-2018,7000
11-12-2018,8750
12-12-2018,6500
13-12-2018,7000
14-12-2018,5750
15-12-2018,5750
16-12-2018,6750
17-12-2018,6750
18-12-2018,6250
19-12-2018,5850
20-12-2018,6000
21-12-2018,6000
22-12-2018,7500
23-12-2018,9250
24-12-2018,8000
25-12-2018,9250
26-12-2018,9250
27-12-2018,8250
28-12-2018,8750
29-12-2018,1950
30-12-2018,1950
31-12-2018,
01-01-2019,10500
02-01-2019,10500
03-01-2019,8000
04-01-2019,7500
05-01-2019,6500
06-01-2019,10250
07-01-2019,3600
08-01-2019,11500
09-01-2019,9500
10-01-2019,10500
11-01-2019,9000
12-01-2019,7500
13-01-2019,9500
14-01-2019,4250
15-01-2019,9500
16-01-2019,10500
17-01-2019,10500
18-01-2019,15250
19-01-2019,13750
20-01-2019,15250
21-01-2019,15000
22-01-2019,12000
23-01-2019,11250
24-01-2019,12500
25-01-2019,11000
26-01-2019,4550
27-01-2019,15750
28-01-2019,6350
29-01-2019,10000
30-01-2019,11750
31-01-2019,13250
01-02-2019,11500
02-02-2019,10500
03-02-2019,9500
04-02-2019,8500
05-02-2019,10500
06-02-2019,9000
07-02-2019,11750
08-02-2019,8000
09-02-2019,9000
10-02-2019,7000
11-02-2019,7000
12-02-2019,5500
13-02-2019,5500
14-02-2019,5750
15-02-2019,4850
16-02-2019,5500
17-02-2019,4125
18-02-2019,5000
19-02-2019,9000
20-02-2019,5000
21-02-2019,4750
22-02-2019,4500
23-02-2019,5100
24-02-2019,4750
25-02-2019,4750
26-02-2019,4250
27-02-2019,
28-02-2019,
01-03-2019,
02-03-2019,
03-03-2019,
04-03-2019,
05-03-2019,
06-03-2019,
07-03-2019,
08-03-2019,
09-03-2019,
10-03-2019,
11-03-2019,
12-03-2019,
13-03-2019,
14-03-2019,
15-03-2019,
16-03-2019,
17-03-2019,
18-03-2019,
19-03-2019,
20-03-2019,
21-03-2019,
22-03-2019,
23-03-2019,
24-03-2019,
25-03-2019,
26-03-2019,
27-03-2019,
28-03-2019,
29-03-2019,
30-03-2019,
31-03-2019,
01-04-2019,
02-04-2019,
03-04-2019,
04-04-2019,
05-04-2019,
06-04-2019,
07-04-2019,
08-04-2019,
09-04-2019,
10-04-2019,
11-04-2019,
12-04-2019,
13-04-2019,
14-04-2019,
15-04-2019,
16-04-2019,
17-04-2019,
18-04-2019,
19-04-2019,
20-04-2019,
21-04-2019,
22-04-2019,
23-04-2019,
24-04-2019,
25-04-2019,
26-04-2019,
27-04-2019,
28-04-2019,
29-04-2019,
30-04-2019,
01-05-2019,
02-05-2019,
03-05-2019,
04-05-2019,
05-05-2019,
06-05-2019,
07-05-2019,
08-05-2019,
09-05-2019,
10-05-2019,
11-05-2019,
12-05-2019,
13-05-2019,
14-05-2019,
15-05-2019,
16-05-2019,
17-05-2019,
18-05-2019,
19-05-2019,
20-05-2019,
21-05-2019,
22-05-2019,
23-05-2019,
24-05-2019,
25-05-2019,
26-05-2019,
27-05-2019,
28-05-2019,
29-05-2019,
30-05-2019,
31-05-2019,
01-06-2019,
02-06-2019,
03-06-2019,
04-06-2019,
05-06-2019,
06-06-2019,
07-06-2019,
08-06-2019,
09-06-2019,
10-06-2019,
11-06-2019,
12-06-2019,
13-06-2019,
14-06-2019,
15-06-2019,
16-06-2019,
17-06-2019,
18-06-2019,
19-06-2019,
20-06-2019,
21-06-2019,
22-06-2019,
23-06-2019,
24-06-2019,
25-06-2019,
26-06-2019,
27-06-2019,
28-06-2019,
29-06-2019,
30-06-2019,
01-07-2019,
02-07-2019,
03-07-2019,
04-07-2019,
05-07-2019,
06-07-2019,
07-07-2019,
08-07-2019,
09-07-2019,
10-07-2019,
11-07-2019,
12-07-2019,
13-07-2019,
14-07-2019,
15-07-2019,
16-07-2019,
17-07-2019,
18-07-2019,
19-07-2019,
20-07-2019,
21-07-2019,
22-07-2019,
23-07-2019,
24-07-2019,
25-07-2019,
26-07-2019,
27-07-2019,
28-07-2019,
29-07-2019,
30-07-2019,
31-07-2019,
01-08-2019,
02-08-2019,
03-08-2019,
04-08-2019,
05-08-2019,
06-08-2019,
07-08-2019,
08-08-2019,
09-08-2019,
10-08-2019,
11-08-2019,
12-08-2019,
13-08-2019,
14-08-2019,
15-08-2019,
16-08-2019,
17-08-2019,
18-08-2019,
19-08-2019,
20-08-2019,
21-08-2019,
22-08-2019,
23-08-2019,
24-08-2019,
25-08-2019,
26-08-2019,
27-08-2019,
28-08-2019,
29-08-2019,
30-08-2019,
31-08-2019,
01-09-2019,
02-09-2019,
03-09-2019,
04-09-2019,
05-09-2019,
06-09-2019,
07-09-2019,
08-09-2019,
09-09-2019,
10-09-2019,
11-09-2019,
12-09-2019,
13-09-2019,
14-09-2019,
15-09-2019,
16-09-2019,
17-09-2019,
18-09-2019,
19-09-2019,
20-09-2019,
21-09-2019,
22-09-2019,
23-09-2019,
24-09-2019,
25-09-2019,
26-09-2019,
27-09-2019,
28-09-2019,
29-09-2019,
30-09-2019,
01-10-2019,
02-10-2019,
03-10-2019,
04-10-2019,
05-10-2019,
06-10-2019,
07-10-2019,
08-10-2019,
09-10-2019,
10-10-2019,
11-10-2019,
12-10-2019,
13-10-2019,
14-10-2019,
15-10-2019,
16-10-2019,
17-10-2019,
18-10-2019,
19-10-2019,
20-10-2019,
21-10-2019,
22-10-2019,
23-10-2019,
24-10-2019,
25-10-2019,
26-10-2019,
27-10-2019,
28-10-2019,
29-10-2019,
30-10-2019,
31-10-2019,
01-11-2019,
02-11-2019,
03-11-2019,
04-11-2019,
05-11-2019,
06-11-2019,
07-11-2019,
08-11-2019,
09-11-2019,
10-11-2019,
11-11-2019,
12-11-2019,
13-11-2019,
14-11-2019,
15-11-2019,
16-11-2019,
17-11-2019,
18-11-2019,
19-11-2019,
20-11-2019,
21-11-2019,
22-11-2019,
23-11-2019,
24-11-2019,
25-11-2019,
26-11-2019,
27-11-2019,
28-11-2019,
29-11-2019,
30-11-2019,
01-12-2019,
02-12-2019,
03-12-2019,
04-12-2019,
05-12-2019,
06-12-2019,
07-12-2019,
08-12-2019,
09-12-2019,
10-12-2019,
11-12-2019,
12-12-2019,
13-12-2019,
14-12-2019,
15-12-2019,
16-12-2019,
17-12-2019,
18-12-2019,
19-12-2019,
20-12-2019,
21-12-2019,
22-12-2019,
23-12-2019,
24-12-2019,
25-12-2019,
26-12-2019,
27-12-2019,
28-12-2019,
29-12-2019,
30-12-2019,
31-12-2019,
01-01-2020,2300
02-01-2020,2300
03-01-2020,2450
04-01-2020,2450
05-01-2020,2450
06-01-2020,2300
07-01-2020,2300
08-01-2020,2300
09-01-2020,9500
10-01-2020,12100
11-01-2020,12100
12-01-2020,
13-01-2020,12000
14-01-2020,8500
15-01-2020,9550
16-01-2020,2300
17-01-2020,2300
18-01-2020,12100
19-01-2020,2300
20-01-2020,2300
21-01-2020,2450
22-01-2020,2250
23-01-2020,12100
24-01-2020,12100
25-01-2020,2250
26-01-2020,2250
27-01-2020,1700
28-01-2020,2300
29-01-2020,2300
30-01-2020,2800
31-01-2020,2800
01-02-2020,6000
02-02-2020,
03-02-2020,6100
04-02-2020,1800
05-02-2020,6050
06-02-2020,4550
07-02-2020,6050
08-02-2020,6100
09-02-2020,
10-02-2020,6050
11-02-2020,6100
12-02-2020,4050
13-02-2020,4100
14-02-2020,4100
15-02-2020,5600
16-02-2020,3400
17-02-2020,2500
18-02-2020,4050
19-02-2020,4050
20-02-2020,5250
21-02-2020,5250
22-02-2020,5250
23-02-2020,4875
24-02-2020,4875
25-02-2020,5350
26-02-2020,5350
27-02-2020,5350
28-02-2020,4600
29-02-2020,4350
01-03-2020,4100
02-03-2020,4100
03-03-2020,4100
04-03-2020,4100
05-03-2020,4050
06-03-2020,4100
07-03-2020,3600
08-03-2020,4000
09-03-2020,4100
10-03-2020,4050
11-03-2020,4100
12-03-2020,4100
13-03-2020,4100
14-03-2020,4100
15-03-2020,4100
16-03-2020,4100
17-03-2020,4100
18-03-2020,4100
19-03-2020,4100
20-03-2020,5500
21-03-2020,4120
22-03-2020,
23-03-2020,4100
24-03-2020,4100
25-03-2020,4100
26-03-2020,3900
27-03-2020,4100
28-03-2020,6200
29-03-2020,1200
30-03-2020,4100
31-03-2020,6700
01-04-2020,3200
02-04-2020,2800
03-04-2020,2550
04-04-2020,6200
05-04-2020,1250
06-04-2020,3000
07-04-2020,5200
08-04-2020,2600
09-04-2020,2000
10-04-2020,3100
11-04-2020,3250
12-04-2020,
13-04-2020,2400
14-04-2020,3150
15-04-2020,2400
16-04-2020,2200
17-04-2020,7400
18-04-2020,2980
19-04-2020,2700
20-04-2020,2200
21-04-2020,4200
22-04-2020,2000
23-04-2020,2000
24-04-2020,2650
25-04-2020,2200
26-04-2020,700
27-04-2020,2200
28-04-2020,3700
29-04-2020,2650
30-04-2020,5200
01-05-2020,2550
02-05-2020,2650
03-05-2020,2200
04-05-2020,2200
05-05-2020,5700
06-05-2020,5200
07-05-2020,5200
08-05-2020,2000
09-05-2020,2050
10-05-2020,3050
11-05-2020,3050
12-05-2020,3050
13-05-2020,3100
14-05-2020,3050
15-05-2020,3050
16-05-2020,2500
17-05-2020,3050
18-05-2020,3050
19-05-2020,2800
20-05-2020,3050
21-05-2020,2800
22-05-2020,3100
23-05-2020,3050
24-05-2020,3100
25-05-2020,3050
26-05-2020,3100
27-05-2020,3100
28-05-2020,2550
29-05-2020,2000
30-05-2020,2000
31-05-2020,1000
01-06-2020,3500
02-06-2020,2000
03-06-2020,2000
04-06-2020,2000
05-06-2020,2400
06-06-2020,2000
07-06-2020,2900
08-06-2020,3050
09-06-2020,3050
10-06-2020,3050
11-06-2020,3050
12-06-2020,3050
13-06-2020,3050
14-06-2020,3100
15-06-2020,3050
16-06-2020,3100
17-06-2020,3100
18-06-2020,3050
19-06-2020,3600
20-06-2020,3350
21-06-2020,1250
22-06-2020,3600
23-06-2020,3100
24-06-2020,3100
25-06-2020,3600
26-06-2020,3600
27-06-2020,3600
28-06-2020,2500
29-06-2020,2400
30-06-2020,2400
01-07-2020,2400
02-07-2020,2400
03-07-2020,2400
04-07-2020,1800
05-07-2020,1800
06-07-2020,3000
07-07-2020,3000
08-07-2020,3050
09-07-2020,3000
10-07-2020,3100
11-07-2020,3800
12-07-2020,4500
13-07-2020,3000
14-07-2020,3000
15-07-2020,3000
16-07-2020,3000
17-07-2020,3000
18-07-2020,4100
19-07-2020,1100
20-07-2020,4100
21-07-2020,3000
22-07-2020,3000
23-07-2020,4100
24-07-2020,3000
25-07-2020,5200
26-07-2020,3000
27-07-2020,3000
28-07-2020,3000
29-07-2020,3000
30-07-2020,750
31-07-2020,5200
01-08-2020,8200
02-08-2020,3500
03-08-2020,4600
04-08-2020,4600
05-08-2020,4600
06-08-2020,4600
07-08-2020,4600
08-08-2020,8200
09-08-2020,2750
10-08-2020,4200
11-08-2020,4200
12-08-2020,4200
13-08-2020,4200
14-08-2020,4200
15-08-2020,14500
16-08-2020,14000
17-08-2020,4300
18-08-2020,4300
19-08-2020,4300
20-08-2020,4300
21-08-2020,4300
22-08-2020,14500
23-08-2020,5750
24-08-2020,4000
25-08-2020,4000
26-08-2020,4000
27-08-2020,4700
28-08-2020,5000
29-08-2020,8000
30-08-2020,6500
31-08-2020,4000
01-09-2020,4500
02-09-2020,6000
03-09-2020,4000
04-09-2020,4000
05-09-2020,5250
06-09-2020,2700
07-09-2020,4200
08-09-2020,4200
09-09-2020,4200
10-09-2020,4200
11-09-2020,6200
12-09-2020,5400
13-09-2020,3700
14-09-2020,4400
15-09-2020,4400
16-09-2020,4400
17-09-2020,5800
18-09-2020,5800
19-09-2020,4400
20-09-2020,
21-09-2020,6850
22-09-2020,6000
23-09-2020,7100
24-09-2020,7050
25-09-2020,7050
26-09-2020,7050
27-09-2020,7050
28-09-2020,7000
29-09-2020,7050
30-09-2020,7100
01-10-2020,7100
02-10-2020,7050
03-10-2020,7050
04-10-2020,7050
05-10-2020,7050
06-10-2020,7050
07-10-2020,7100
08-10-2020,7100
09-10-2020,7100
10-10-2020,7050
11-10-2020,7100
12-10-2020,7100
13-10-2020,7100
14-10-2020,7050
15-10-2020,7100
16-10-2020,7100
17-10-2020,8500
18-10-2020,
19-10-2020,6300
20-10-2020,6300
21-10-2020,6300
22-10-2020,6300
23-10-2020,
24-10-2020,
25-10-2020,
26-10-2020,
27-10-2020,
28-10-2020,
29-10-2020,
30-10-2020,
31-10-2020,
01-11-2020,
02-11-2020,
03-11-2020,
04-11-2020,
05-11-2020,
06-11-2020,
07-11-2020,
08-11-2020,
09-11-2020,
10-11-2020,
11-11-2020,
12-11-2020,
13-11-2020,
14-11-2020,
15-11-2020,
16-11-2020,
17-11-2020,
18-11-2020,
19-11-2020,
20-11-2020,
21-11-2020,
22-11-2020,
23-11-2020,
24-11-2020,
25-11-2020,
26-11-2020,
27-11-2020,
28-11-2020,
29-11-2020,
30-11-2020,
01-12-2020,
02-12-2020,
03-12-2020,
04-12-2020,
05-12-2020,
06-12-2020,
07-12-2020,
08-12-2020,
09-12-2020,
10-12-2020,
11-12-2020,
12-12-2020,
13-12-2020,
14-12-2020,
15-12-2020,
16-12-2020,
17-12-2020,
18-12-2020,
19-12-2020,
20-12-2020,
21-12-2020,
22-12-2020,
23-12-2020,
24-12-2020,
25-12-2020,
26-12-2020,
27-12-2020,
28-12-2020,
29-12-2020,
30-12-2020,
31-12-2020,
01-01-2021,1500
02-01-2021,1700
03-01-2021,1700
04-01-2021,1700
05-01-2021,1750
06-01-2021,1650
07-01-2021,5100
08-01-2021,1650
09-01-2021,1700
10-01-2021,1700
11-01-2021,1700
12-01-2021,5000
13-01-2021,5000
14-01-2021,5050
15-01-2021,5100
16-01-2021,1700
17-01-2021,5100
18-01-2021,5100
19-01-2021,5100
20-01-2021,5050
21-01-2021,6500
22-01-2021,1650
23-01-2021,1500
24-01-2021,1500
25-01-2021,1500
26-01-2021,1500
27-01-2021,1800
28-01-2021,1750
29-01-2021,1750
30-01-2021,1750
31-01-2021,1750
01-02-2021,3000
02-02-2021,1950
03-02-2021,1950
04-02-2021,5100
05-02-2021,5250
06-02-2021,3900
07-02-2021,1700
08-02-2021,3750
09-02-2021,5000
10-02-2021,4350
11-02-2021,4400
12-02-2021,4400
13-02-2021,4400
14-02-2021,3800
15-02-2021,4850
16-02-2021,4750
17-02-2021,3600
18-02-2021,3600
19-02-2021,3400
20-02-2021,3500
21-02-2021,6000
22-02-2021,4700
23-02-2021,4000
24-02-2021,4500
25-02-2021,4250
26-02-2021,4125
27-02-2021,4700
28-02-2021,4800
01-03-2021,3000
02-03-2021,
03-03-2021,4200
04-03-2021,4800
05-03-2021,
06-03-2021,4800
07-03-2021,3200
08-03-2021,5500
09-03-2021,4500
10-03-2021,4600
11-03-2021,
12-03-2021,4100
13-03-2021,4600
14-03-2021,4100
15-03-2021,4600
16-03-2021,4200
17-03-2021,4200
18-03-2021,4200
19-03-2021,4100
20-03-2021,4100
21-03-2021,4600
22-03-2021,4600
23-03-2021,4600
24-03-2021,4900
25-03-2021,4100
26-03-2021,3900
27-03-2021,4600
28-03-2021,4600
29-03-2021,3450
30-03-2021,4600
31-03-2021,4600
01-04-2021,
02-04-2021,
03-04-2021,2700
04-04-2021,
05-04-2021,3200
06-04-2021,6000
07-04-2021,3000
08-04-2021,2700
09-04-2021,2600
10-04-2021,2600
11-04-2021,2600
12-04-2021,2550
13-04-2021,2550
14-04-2021,2800
15-04-2021,3000
16-04-2021,3500
17-04-2021,3500
18-04-2021,3800
19-04-2021,2550
20-04-2021,2300
21-04-2021,3500
22-04-2021,2800
23-04-2021,2550
24-04-2021,2800
25-04-2021,3500
26-04-2021,2600
27-04-2021,2500
28-04-2021,2500
29-04-2021,2500
30-04-2021,2500
01-05-2021,
02-05-2021,
03-05-2021,2500
04-05-2021,2400
05-05-2021,2600
06-05-2021,2550
07-05-2021,2600
08-05-2021,2500
09-05-2021,
10-05-2021,2500
11-05-2021,2500
12-05-2021,2200
13-05-2021,2800
14-05-2021,2550
15-05-2021,2600
16-05-2021,2500
17-05-2021,2600
18-05-2021,2600
19-05-2021,2550
20-05-2021,2600
21-05-2021,2600
22-05-2021,2600
23-05-2021,2600
24-05-2021,2600
25-05-2021,2600
26-05-2021,2600
27-05-2021,2500
28-05-2021,2500
29-05-2021,2500
30-05-2021,2400
31-05-2021,2600
01-06-2021,2200
02-06-2021,2500
03-06-2021,2500
04-06-2021,2200
05-06-2021,2600
06-06-2021,
07-06-2021,2600
08-06-2021,2600
09-06-2021,2200
10-06-2021,1750
11-06-2021,2200
12-06-2021,2200
13-06-2021,2600
14-06-2021,2600
15-06-2021,2600
16-06-2021,2600
17-06-2021,2550
18-06-2021,3200
19-06-2021,3200
20-06-2021,
21-06-2021,2600
22-06-2021,2100
23-06-2021,1950
24-06-2021,2800
25-06-2021,2750
26-06-2021,2850
27-06-2021,
28-06-2021,2650
29-06-2021,2600
30-06-2021,2450
01-07-2021,2500
02-07-2021,1800
03-07-2021,3200
04-07-2021,
05-07-2021,3500
06-07-2021,2500
07-07-2021,3500
08-07-2021,3200
09-07-2021,3600
10-07-2021,3600
11-07-2021,2600
12-07-2021,3700
13-07-2021,2400
14-07-2021,4200
15-07-2021,2450
16-07-2021,2450
17-07-2021,2450
18-07-2021,2500
19-07-2021,2400
20-07-2021,2500
21-07-2021,2500
22-07-2021,2500
23-07-2021,2500
24-07-2021,2500
25-07-2021,2500
26-07-2021,2500
27-07-2021,2450
28-07-2021,2450
29-07-2021,2500
30-07-2021,2450
31-07-2021,2500
01-08-2021,2450
02-08-2021,2450
03-08-2021,2500
04-08-2021,2500
05-08-2021,2400
06-08-2021,4600
07-08-2021,3000
08-08-2021,
09-08-2021,
10-08-2021,
11-08-2021,
12-08-2021,
13-08-2021,
14-08-2021,
15-08-2021,
16-08-2021,
17-08-2021,
18-08-2021,
19-08-2021,
20-08-2021,
21-08-2021,
22-08-2021,
23-08-2021,
24-08-2021,
25-08-2021,
26-08-2021,
27-08-2021,
28-08-2021,
29-08-2021,
30-08-2021,
31-08-2021,
